mockID,mockMajor,mockGender
OSNCJR,Quantum Gastronomy,M
VKETNV,Neuro-Astrophysics,F
YZESYY,Quantum Gastronomy,F
ICHZGJ,Quantum Gastronomy,M
ISDNQK,Neuro-Astrophysics,M
GULOJM,Galactic Archaeology,F
GIIJWU,Quantum Gastronomy,M
GUFYBE,Cybernetic Anthropology,F
HLMRAY,Galactic Archaeology,F
YFUOIO,Quantum Gastronomy,F
ZPTFKH,Cybernetic Anthropology,F
VVGPQV,Cybernetic Anthropology,M
RQBDME,Galactic Archaeology,F
VSYTVY,Cybernetic Anthropology,M
NYWCHP,Neuro-Astrophysics,M
LYNCNG,Cybernetic Anthropology,M
CWVZOU,Galactic Archaeology,M
EHSJRJ,Cybernetic Anthropology,M
LBJVLT,Neuro-Astrophysics,M
NQNVCH,Neuro-Astrophysics,F
NSOXQW,Neuro-Astrophysics,M
KGOWZF,Quantum Gastronomy,M
NGJEFP,Galactic Archaeology,M
XUWKDL,Quantum Gastronomy,F
NSYGVZ,Galactic Archaeology,F
IGBPMS,Galactic Archaeology,M
XTOGDA,Cybernetic Anthropology,F
HTYPXV,Neuro-Astrophysics,F
KPTHCD,Galactic Archaeology,F
TLVQJT,Galactic Archaeology,M
KYWHNU,Cybernetic Anthropology,M
MBKMNF,Neuro-Astrophysics,M
YHLZDM,Galactic Archaeology,F
NUPWAH,Quantum Gastronomy,F
HJYHRU,Cybernetic Anthropology,F
IGGZJX,Cybernetic Anthropology,M
VWZKAY,Quantum Gastronomy,F
SJUVMK,Quantum Gastronomy,M
KYTZGY,Galactic Archaeology,M
WZTXYI,Galactic Archaeology,M
IEWNNF,Galactic Archaeology,F
AZJQZQ,Neuro-Astrophysics,F
ZUGUZI,Cybernetic Anthropology,F
TFRQEY,Galactic Archaeology,F
TCYNAB,Galactic Archaeology,M
DJAEUY,Cybernetic Anthropology,M
HWYUMR,Galactic Archaeology,M
JFGIPQ,Quantum Gastronomy,F
UMUHUG,Galactic Archaeology,M
TRQABQ,Galactic Archaeology,M
BMXQCR,Galactic Archaeology,M
BELYMJ,Cybernetic Anthropology,M
FJJFPP,Cybernetic Anthropology,M
CDCWCP,Quantum Gastronomy,F
BOWCIG,Quantum Gastronomy,F
IDBVZL,Galactic Archaeology,M
IKGMEK,Cybernetic Anthropology,M
ASLBUQ,Neuro-Astrophysics,M
LCYROV,Neuro-Astrophysics,M
CSYRQF,Galactic Archaeology,F
JHJZMT,Galactic Archaeology,F
FTTIPH,Neuro-Astrophysics,F
GJQRHS,Quantum Gastronomy,F
JWKQLB,Cybernetic Anthropology,F
SMMSVJ,Galactic Archaeology,M
PEDRAP,Quantum Gastronomy,M
QLUBRL,Galactic Archaeology,F
OSUFPZ,Cybernetic Anthropology,M
OSCNAX,Cybernetic Anthropology,M
APKDXL,Galactic Archaeology,F
MJJXGR,Quantum Gastronomy,M
QTIUKL,Quantum Gastronomy,M
HRERFJ,Neuro-Astrophysics,F
ZIKWFL,Galactic Archaeology,M
SXWDXC,Neuro-Astrophysics,F
NHFDWJ,Neuro-Astrophysics,M
PXPTJY,Neuro-Astrophysics,F
FSDIYD,Galactic Archaeology,F
OTVUQX,Cybernetic Anthropology,M
GOENVO,Neuro-Astrophysics,M
OPSHZE,Galactic Archaeology,M
GTPPIK,Galactic Archaeology,F
KSJWBY,Galactic Archaeology,F
FTNNFR,Quantum Gastronomy,F
BXHKUY,Neuro-Astrophysics,F
GSWHJE,Quantum Gastronomy,M
QWFHTF,Galactic Archaeology,M
OQCOTA,Quantum Gastronomy,M
EKOTBP,Quantum Gastronomy,M
WSJSQG,Galactic Archaeology,M
FLDUWS,Cybernetic Anthropology,F
BXDVZW,Cybernetic Anthropology,M
KVAVXS,Quantum Gastronomy,F
RPCABB,Cybernetic Anthropology,F
HZTNYM,Neuro-Astrophysics,M
GHCVPV,Galactic Archaeology,F
XALRUN,Quantum Gastronomy,F
HXWEQZ,Quantum Gastronomy,F
YYKWZD,Quantum Gastronomy,M
MHODMC,Neuro-Astrophysics,M
GAFMZZ,Quantum Gastronomy,F
QWUFJM,Neuro-Astrophysics,F
FIHAPV,Quantum Gastronomy,F
BHNLZH,Quantum Gastronomy,F
IHYITA,Cybernetic Anthropology,F
CHBAIW,Cybernetic Anthropology,M
GMTNPG,Cybernetic Anthropology,F
DMLYMT,Neuro-Astrophysics,F
JILHGY,Galactic Archaeology,M
OSQKGS,Cybernetic Anthropology,M
WZCFGD,Neuro-Astrophysics,M
JQPHUC,Cybernetic Anthropology,M
LUNENF,Cybernetic Anthropology,M
IATNSE,Quantum Gastronomy,F
BATDZZ,Cybernetic Anthropology,M
KEVDSC,Neuro-Astrophysics,M
AGEWIY,Galactic Archaeology,F
XQUEXL,Neuro-Astrophysics,M
BVRDJO,Quantum Gastronomy,F
WVHAXK,Galactic Archaeology,M
EKOOYX,Galactic Archaeology,F
JOOTLI,Galactic Archaeology,M
YDCGDX,Quantum Gastronomy,F
HUEXFD,Neuro-Astrophysics,M
CKJWEX,Galactic Archaeology,F
YKJOSJ,Cybernetic Anthropology,M
MXCRJH,Neuro-Astrophysics,M
LJGGFQ,Quantum Gastronomy,F
TAEJMJ,Galactic Archaeology,M
BOWOHC,Cybernetic Anthropology,M
BFNOSI,Cybernetic Anthropology,F
WYOVPH,Galactic Archaeology,F
IUWPIB,Galactic Archaeology,M
XIKXKD,Galactic Archaeology,F
GXRKVA,Quantum Gastronomy,F
KZFUJY,Quantum Gastronomy,M
RCCBZH,Neuro-Astrophysics,M
MHBFWQ,Galactic Archaeology,F
NGMHFK,Galactic Archaeology,M
JQGWLS,Quantum Gastronomy,M
QHONNZ,Galactic Archaeology,M
QARRTJ,Neuro-Astrophysics,F
JUISWW,Neuro-Astrophysics,F
RRLLUX,Cybernetic Anthropology,F
DTWJEB,Galactic Archaeology,M
RLMKSF,Neuro-Astrophysics,M
RJICVS,Galactic Archaeology,F
HMABKP,Quantum Gastronomy,M
EUDWCO,Quantum Gastronomy,M
JGZGBR,Quantum Gastronomy,M
RCHNIO,Quantum Gastronomy,F
QGHAIC,Cybernetic Anthropology,F
YBKDHT,Cybernetic Anthropology,F
KRVNCW,Galactic Archaeology,F
CNGWOW,Galactic Archaeology,M
WXHAEY,Cybernetic Anthropology,M
QFYJZX,Quantum Gastronomy,F
LHPGGA,Neuro-Astrophysics,F
ZYXKCX,Neuro-Astrophysics,M
VQTCNE,Neuro-Astrophysics,F
WRXHTX,Quantum Gastronomy,M
JVRQIC,Galactic Archaeology,M
EUYPTZ,Cybernetic Anthropology,F
CCVZMD,Quantum Gastronomy,M
OWYSML,Neuro-Astrophysics,F
VUYTMM,Quantum Gastronomy,M
CWTEXM,Cybernetic Anthropology,M
WLHFXP,Galactic Archaeology,M
KWLPOA,Quantum Gastronomy,F
VLJVJD,Neuro-Astrophysics,M
IYZTEI,Cybernetic Anthropology,F
SCBWLO,Neuro-Astrophysics,M
QCGMNB,Neuro-Astrophysics,F
IOUAJI,Neuro-Astrophysics,F
IGRLXW,Quantum Gastronomy,M
FGPZPB,Cybernetic Anthropology,F
BNUWZY,Galactic Archaeology,F
GFDCNS,Cybernetic Anthropology,F
NPJLRC,Quantum Gastronomy,M
